—基隆市—

基隆市公共圖書館 = 基隆市圖 = 基隆市圖書館 = 基隆圖書館 = klccab = KLCCAB = kllib = KLLIb

國立臺灣海洋大學 = 國立台灣海洋大學 = 海大 = 海洋大學 = ntou = NTOU

---

—宜蘭縣—

宜蘭縣公共圖書館 = 宜蘭縣圖書館 = 宜蘭圖書館 = 宜蘭縣圖 = 宜圖 = ilccb = ILCCB

佛光大學 = 佛光 = 佛大 = fgu = FGU

經國管理暨健康學院 = 經國學院 = cku = CKU

國立宜蘭大學 = 宜蘭大學 = 宜大 = 宜蘭大 = niu = NIU

---

—新北市—

新北市立圖書館 = 新北市圖 = 新北市圖書館 = ntpc = NTPC

景文科技大學 = 景文科大 = 景文 = just = JUST 

真理大學 = 真理 = au = AU

醒吾科技大學 = 醒吾科大 = 醒吾 = hwu = HWU

宏國德霖科技大學 = 宏國德霖科大 = 宏國德霖 = hdut = HDUT

馬偕醫學院 = 馬偕醫 = 馬偕 = mmc = MMC

臺北海洋科技大學 = 台北海洋科技大學 = 北海科大 = tumt = TUMT

明志科技大學 = 明志科大 = 明志 = mcut = MCU

淡江大學 = 淡江 = 淡大 = tku = TKU

華梵大學 = 華梵大 = 華梵 = hfu = HFU

輔仁大學 = 輔仁 = 輔大 = fju = FJU

臺北基督學院 = 台北基督學院 = 北基督 = cct = CCT

華夏科技大學 = 華夏科大 = 華夏 = hwh = HWH

國立臺灣藝術大學 = 國立台灣藝術大學 = 臺灣藝術大學 = 台灣藝術大學 = 臺藝大 = 台藝大 = 臺藝 = 台藝 = NTUA = ntua

聖約翰科技大學 = 聖約翰科大 = 聖約翰 = sju = SJU

致理科技大學 = 致理科大 = 致理 = clut = CLUT

東南科技大學 = 東南科大 = 東南 = tnu = TNU

---

—臺北市—

臺北市立圖書館 = 台北市立圖書館 = 臺北市圖書館 = 台北市圖書館 = 臺北圖書館 = 台北圖書館 = 臺北市圖 = 台北市圖 = tpml = TPML

國立臺灣大學 = 國立台灣大學 = 臺灣大學 = 台灣大學 = 臺大 = 台大 = 公館 = ntu = NTU

臺北市立大學 = 台北市立大學 = 臺北市大 = 台北市大 = 北市大 = UTaipei

國立臺灣師範大學 = 國立台灣師範大學 = 臺灣師範大學 = 台灣師範大學 = 台師大 = 臺師大 = 台師 = 臺師 = ntnu = NTNU

國立臺灣科技大學 = 國立台灣科技大學 = 臺灣科技大學 = 台灣科技大學", "臺灣科大 = 台灣科大 = 台科大 = 臺科大 = 臺科 = 台科 = ntust = NTUST

國立臺北商業大學 = 國立台北商業大學 = 臺北商業大學 = 台北商業大學 = 臺北商大 = 台北商大 = 北商大 = 北商 = ntub = NTU

國立臺北藝術大學 = 國立台北藝術大學 = 臺北藝術大學 = 台北藝術大學 = 臺北藝大 = 台北藝大 = 北藝大 = 北藝 = TNUA = tnua

實踐大學 = 實踐大 = 實踐 = 實大 = usc = USC

中國文化大學 = 文化大學 = 文化 = 文大 = pccu = PCCU

臺北醫學大學", "台北醫學大學 = 北醫 = tmu = TMU

德明財經科技大學 = 德明科大 = 德明財經 = 德明 = tmust = TMUST

中華科技大學 = 中華科大 = 中華 = cust = CUS

國立臺北大學 = 國立台北大學 = 臺北大學 = 台北大學 = 臺北大 = 台北大 = 北大 = ntpu = NTPU = 

大同大學 = 大同 = ttu = TTU

世新大學 = 世新 = shu = SHU

淡江大學 = 淡江 = 淡大 = tku = TKU

銘傳大學 = 銘傳 = mcu = MCU

東吳大學 = 東吳 = scu = SCU

國立臺北科技大學 = 國立台北科技大學 = 臺北科技大學 = 台北科技大學 = 臺北科大 = 台北科大 = 北科大 = 北科 =ntut = NTUT

國立臺北護理健康大學 = 國立台北護理健康大學 = 北護大 = 國北護 = 北護 = ntunhs = NTUNHS

中國科技大學 = 中國科大 = cute = CUTE

臺北城市科技大學 = 台北城市科技大學 = 城市科技大學 = 北城科大 = 城市科大 = 城科大 = 城科 = 城大 = 北城 = tpcu = TPCU

國家電影及視聽文化中心 = 國家影視聽中心 = 國家電影中心 = 影視聽中心 = tfai = TFAI

國家兩廳院 = 兩廳院 = ntch = NTCH

國家圖書館 = 國圖 = ncl = NCL

國立政治大學 = 政治大學 = 政大 = nccu = NCCU

中央研究院 = 中研院 = sinica = SINICA

國立陽明交通大學 = 陽明交通大學 = 陽交大 = nycu = NYCU

台灣神學研究學院 = 台灣神學院 = 台神研 = 台神 = tgst = TGST

---

—桃園市—

桃園市立圖書館 = 桃園市圖書館 = 桃園圖書館" "桃園市圖 = 桃圖 = typl = TYPL

國立中央大學 = 中央大學 = 中央 = 中大 = ncu = NCU

萬能科技大學 = 萬能科大 = 萬能 = vnu = VNU

健行科技大學 = 健行科大 = 健行 = uch = UCH

開南大學 = 開南 = 開大 = knu = KNU 

龍華科技大學 = 龍華科大 = 龍華 = lhu = LHU

新生醫護管理專科學校 = 新生醫專 = 新生醫護 = 新生護專 = 新生專校 = hsc = HSC

長庚大學 = 長庚 = cgu = CGU

中原大學 = 中原 = cycu = CYCU

國立體育大學 = 國體大 = 國體 = ntsu = NTSU

長庚科技大學 = 長庚科大 = cgust = CGUST

---

—新竹市—

新竹市文化局圖書館 = 新竹市立圖書館 = 新竹市圖書館 = 新竹市圖 = 竹市圖 = hclib = HCLIB

工業技術研究院 = 工研院 = itri = ITRI

元培醫事科技大學 = 元培醫事科大 = 元培醫事 = 元培 = ypu = YPU

國立空中大學 = 空中大學 = 空大 = nou = NOU

國立陽明交通大學 = 陽明交通大學 = 陽明交通 = 陽交大 = 陽交 = nycu = NYCU

國立清華大學 = 清華大學 = 清華大 = 清華 = 清大 = nthu = NTHU

---

—新竹縣—

新竹縣公共圖書館 = 新竹縣立圖書館 = 新竹縣圖書館 = 新竹縣圖 = 竹縣圖 = hcpl = HCPL

工業技術研究院 = 工研院 = itri = ITRI

中國科技大學 = 中國科大 = cute = CUTE

明新科技大學 = 明新科大 = 明新 = must = MUST

敏實科技大學 = 敏實科大 = 敏實 = mitust = MITUST

中華科技大學 = 中華科大 = 中華 = cust = CUST

---

—苗栗縣—

苗栗縣立圖書館 = 苗栗縣公共圖書館 = 苗栗縣圖書館 = 苗栗縣圖 = 苗栗圖書館 = 苗栗 = 苗圖 = Miaoli = miaoli

國立聯合大學 = 聯合大學 = 聯合大 = 聯合 = 聯大 = nuu = NUU

仁德醫護管理專科學校 = 仁德醫護 = 仁德醫專 = jente = Jente = JENTE

育達科技大學 = 育達科大 = 育達 = ydu = YDU

國家衛生研究院 = 國衛院 = nhri = NHRI

---

—臺中市—

臺中市立圖書館 = 台中市立圖書館 = 臺中市圖書館 = 台中市圖書館 = 臺中圖書館 = 台中圖書館 = 臺中市圖 = 台中市圖 = 中圖 = tcpl = TCPL

國立臺中教育大學 = 國立台中教育大學 = 臺中教育大學 = 台中教育大學 = 中教大 = 中教 = ntcu = NTCU

國立臺灣體育運動大學 = 國立台灣體育運動大學 = 臺灣體育運動大學 = 台灣體育運動大學 = 臺體大 = 台體大 = 臺體 = 台體 = ntus = NTUS

國立臺中科技大學 = 國立台中科技大學","臺中科技大學 = 台中科技大學 = 臺中科大 = 台中科大 = 中科大 = 中科 = nutc = NUTC

中國醫藥大學 = 中國醫 = cmu = CMU

中山醫學大學 = 中山醫大 = 中山醫 = csmu = CSMU

中臺科技大學 = 中台科技大學 = 中臺科大 = 中台科大 = 中臺 = 中台 = ctust = CTUST

亞洲大學 = 亞洲大 = 亞洲 = 亞洲大 = asia = Asia

東海大學 = 東海 = thu = THU

逢甲大學 = 逢甲 = 逢大 = fcu = FCU

靜宜大學 = 靜宜 = pu = PU

弘光科技大學 = 弘光科大 = 弘光 = hku = HKU

嶺東科技大學 = 嶺東科大 = 嶺東 = ltu = LTU

修平科技大學 = 修平科大 = 修平 = hust = HUST

朝陽科技大學 = 朝陽科大 = 朝陽 = cyut = CYUT

國立勤益科技大學 = 勤益科技大學 = 勤益科大 = 勤科大 = 勤科 = 勤益 = ncut = NCU

僑光科技大學 = 僑光科大 = 僑光 = ocu = OCU

國立臺灣美術館 = 國立台灣美術館 = 國美館 = ntmpfa = NTMOFA

---

—彰化縣—

彰化縣公共圖書館 = 彰化縣圖書館 = 彰化圖書館" "彰化縣圖 = 彰圖 = hpl = CHPL

國立彰化師範大學 = 彰化師範大學 = 彰化師大 = 彰師大 = ncue = NCUE

明道大學 = 明道大 = 明道 = 明大 = mdu = MDU

大葉大學 = 大葉大 = 大葉 = dyu = DYU

中州科技大學 = 中州科大 = 中州 = ccust = CCUST

建國科技大學 = 建國科大 = 建國 = ctu = CTU

---

—南投縣—

南投縣政府文化局圖書館 = 南投縣公共圖書館 = 南投縣圖書館 = 南投圖書館 = 南投縣圖 = 南投圖 = ntcpl = NTCPL

國立暨南國際大學 = 暨南國際大學 = 暨南大學 = 暨大 = 暨南 = ncnu = NCNU

南開科技大學 = 南開科大 = 南開 = nkut = NKUT

---

—雲林縣—

雲林縣公共圖書館 = 雲林縣圖書館 = 雲林圖書館 = 雲林縣圖 = 雲圖 = ylccb = YLCCB

國立雲林科技大學 = 雲林科技大學 = 雲林科大 = 雲科大 = 雲科 = nyust = NYUST

國立虎尾科技大學 = 虎尾科技大學 = 虎尾科大 = 虎科大 = 虎尾 = 虎科 = nfu = NFU

---

—嘉義縣—

嘉義縣圖書館 = 嘉義縣圖書館 = 嘉義圖書館 = 嘉義縣圖 = 嘉縣圖 = cycpl = cypl = CYCPL = CYPL

崇仁醫護管理專科學校 = 崇仁醫專 = 崇仁醫護 = 崇仁護專 = 崇仁專校 = hsc = CJC

南華大學 = 南華 = nhu = NHU

---

—嘉義市—

嘉義市文化局圖書館 = 嘉義市立圖書館 = 嘉義市圖書館 = 嘉義市圖 = 嘉市圖 = cylib = CYLIB

崇仁醫護管理專科學校 = 崇仁醫專 = 崇仁醫護 = 崇仁護專 = 崇仁專校 = cjc = CJC

---

—臺南市—

臺南市立圖書館 = 台南市立圖書館 = 臺南市圖書館 = 台南市圖書館 = 臺南市圖 = 台南市圖 = 南圖 = tnpl = TNPL

國立臺南藝術大學 = 國立台南藝術大學 = 臺南藝術大學 = 台南藝術大學 = 臺南藝大 = 台南藝大 = 南藝大 = 南藝 = tnnua = TNNUA

長榮大學 = 長榮 = 長榮大 = cjcu = CJCU

國立成功大學 = 成功大學 = 成大 = 成功 = ncku = NCKU

嘉南藥理大學 = 嘉藥 = cnu = CNU

臺灣首府大學 = 台灣首府大學 = 首府大學 = 首府大 = 台首大 = 臺首大 = tsu = TSU 

國立臺南大學 = 國立台南大學 = 臺南大學 = 台南大學 = 臺南大 = 台南大 = 南大 = nutn = NUTN

遠東科技大學 = 遠東科大 = 遠東 = feu = FEU

崑山科技大學 = 崑山科大 = 崑山 = ksu = KSU

---

—高雄市—

高雄市立圖書館 = 高雄市圖書館 = 高雄圖書館 = 高雄市圖 = 高圖 = ksml = KSML

國立高雄師範大學 = 高雄師範大學 = 高師大 = 高師 = nknu = NKNU

國立高雄大學 = 高雄大學 = 高雄大 = 高大 = nuk = NUK

國立高雄餐旅大學 = 高雄餐旅大學 = 高餐大 = 高餐 = nkuht = NKUHT

國立中山大學 = 中山大學 = 中山大 = 中山 = nsysu = NSYSU

高雄市立空中大學 = 高雄空大 = 高空大 = 市立空大 = ouk = OUK

高雄醫學大學 = 高雄醫大 = 高醫 = kmu = KMU

文藻外語大學 = 文藻外語大 = 文藻外大 = 文藻 = wzu = WZU

國立高雄科技大學 = 高雄科技大學 = 高雄科大 = 高科大 = 高科 = nkust = NKUST

義守大學 = 義守 = 義大 = isu = ISU

樹德科技大學 = 樹德科大 = 樹德 = stu = STU

正修科技大學 = 正修科大 = 正修 = csu = CSU

高苑科技大學 = 高苑科大 = 高苑 = kyu = KYU

---

—屏東縣—

屏東縣公共圖書館 = 屏東縣圖書館 = 屏東圖書館 = 屏東縣圖 = 屏圖 = ptpl = PTPL

國立屏東科技大學 = 屏東科技大學 = 屏東科大 = 屏科大 = 屏科 = npust = NPUST

國立屏東大學 = 屏東大學 = 屏大 = 屏東大 = nptu = NPTU

美和科技大學 = 美和科大 = 美和 = meiho = Meiho

大仁科技大學 = 大仁科大 = 大仁 = tj = TJ = tajen = Tajen

---

—臺東縣—

國立臺東大學 = 國立台東大學 = 臺東大學 = 台東大學 = 臺東大 = 台東大 = 東大 = nttu = NTTU

國立臺東專科學校 = 臺東專科學校 = 東專 = 台東專科學校 = 國立台東專科學校 = ntc = NTC

臺東縣立圖書館 = 臺東縣圖書館 = 臺東圖書館 = 臺東縣圖 = 東圖 = ttcpl = TTCPL

國立臺灣史前文化博物館 = 國立台灣史前文化博物館 = 臺灣史前文化博物館 = 台灣史前文化博物館 = 史前文化博物館 = 史前館 = nmp = NMP

---

—花蓮縣—

花蓮縣公共圖書館 = 花蓮縣圖書館 = 花蓮圖書館 = 花蓮縣圖 = 花圖 = hlpl = HLPL

國立東華大學 = 東華大學 = 東華 = ndhu = NDHU

慈濟大學 = 慈濟 = 慈大 = tcu = TCU

---

—澎湖縣—

 澎湖縣公共圖書館 = 澎湖縣圖書館 = 澎湖圖書館 = 澎湖縣圖 = 澎圖 = phpl = PHPL = phlib

國立澎湖科技大學 = 澎湖科技大學 = 澎湖科大 = 澎科大 = 澎科 = npu = NPU

---

—連江縣—

連江縣公共圖書館 = 連江縣圖書館 = 連江圖書館 = 連江縣圖 = 馬祖 = matsu = Matsu

---

—金門縣—

金門縣立圖書館 = 金門縣圖書館 = 金門圖書館 = 金門縣圖 = 金圖 = kmcpl = KMCPL

國立金門大學 = 金門大學 = 金大 = nqu = NQU